{"species_string": "Na", "index": 1, "in_site": 10, "frac_coords": [0.02785946, 0.02457506, 0.14642587]}